{
    "Driver Points Per Value": {
        "Ocon": [
            0.8974358974358975,
            1.0
        ],
        "Gasly": [
            0.7692307692307693,
            1.0
        ],
        "Stroll": [
            0.7476635514018692,
            1.0
        ],
        "Alonso": [
            0.4430379746835443,
            1.0
        ],
        "Leclerc": [
            1.1518324607329842,
            1.0
        ],
        "Sainz": [
            1.945945945945946,
            1.0
        ],
        "Magnussen": [
            1.129032258064516,
            1.0
        ],
        "Hulkenberg": [
            -0.46875,
            1.0
        ],
        "Bottas": [
            0,
            0
        ],
        "Guanyu": [
            1.6666666666666667,
            1.0
        ],
        "Norris": [
            0.6956521739130435,
            1.0
        ],
        "Piastri": [
            0.5263157894736842,
            1.0
        ],
        "Hamilton": [
            0.6217616580310881,
            1.0
        ],
        "Russell": [
            1.0638297872340425,
            1.0
        ],
        "Tsunoda": [
            -0.125,
            1.0
        ],
        "Ricciardo": [
            0.5555555555555556,
            1.0
        ],
        "Verstappen": [
            1.5,
            1.0
        ],
        "Perez": [
            1.4903846153846154,
            1.0
        ],
        "Albon": [
            0,
            0
        ],
        "Sargeant": [
            0.5454545454545454,
            1.0
        ]
    },
    "Driver Sum Points": {
        "Ocon": [
            7,
            14
        ],
        "Gasly": [
            6,
            12
        ],
        "Stroll": [
            8,
            16
        ],
        "Alonso": [
            7,
            14
        ],
        "Leclerc": [
            22,
            44
        ],
        "Sainz": [
            36,
            72
        ],
        "Magnussen": [
            7,
            14
        ],
        "Hulkenberg": [
            -3,
            -6
        ],
        "Bottas": [
            0,
            0
        ],
        "Guanyu": [
            11,
            22
        ],
        "Norris": [
            16,
            32
        ],
        "Piastri": [
            10,
            20
        ],
        "Hamilton": [
            12,
            24
        ],
        "Russell": [
            20,
            40
        ],
        "Tsunoda": [
            -1,
            -2
        ],
        "Ricciardo": [
            5,
            10
        ],
        "Verstappen": [
            45,
            90
        ],
        "Perez": [
            31,
            62
        ],
        "Albon": [
            0,
            0
        ],
        "Sargeant": [
            3,
            6
        ]
    },
    "Driver Sum Values": {
        "Ocon": [
            7.8,
            14.8
        ],
        "Gasly": [
            7.8,
            13.8
        ],
        "Stroll": [
            10.7,
            18.7
        ],
        "Alonso": [
            15.8,
            22.8
        ],
        "Leclerc": [
            19.1,
            41.1
        ],
        "Sainz": [
            18.5,
            54.5
        ],
        "Magnussen": [
            6.2,
            13.2
        ],
        "Hulkenberg": [
            6.4,
            3.4000000000000004
        ],
        "Bottas": [
            6.4,
            6.4
        ],
        "Guanyu": [
            6.6,
            17.6
        ],
        "Norris": [
            23.0,
            39.0
        ],
        "Piastri": [
            19.0,
            29.0
        ],
        "Hamilton": [
            19.3,
            31.3
        ],
        "Russell": [
            18.8,
            38.8
        ],
        "Tsunoda": [
            8.0,
            7.0
        ],
        "Ricciardo": [
            9.0,
            14.0
        ],
        "Verstappen": [
            30.0,
            75.0
        ],
        "Perez": [
            20.8,
            51.8
        ],
        "Albon": [
            7.0,
            7.0
        ],
        "Sargeant": [
            5.5,
            8.5
        ]
    },
    "Driver Average Points Per Value": {
        "Ocon": [
            0.8974358974358975,
            0.9459459459459459
        ],
        "Gasly": [
            0.7692307692307693,
            0.8695652173913043
        ],
        "Stroll": [
            0.7476635514018692,
            0.8556149732620321
        ],
        "Alonso": [
            0.4430379746835443,
            0.6140350877192983
        ],
        "Leclerc": [
            1.1518324607329842,
            1.0705596107055961
        ],
        "Sainz": [
            1.945945945945946,
            1.3211009174311927
        ],
        "Magnussen": [
            1.129032258064516,
            1.0606060606060606
        ],
        "Hulkenberg": [
            -0.46875,
            -1.764705882352941
        ],
        "Bottas": [
            0,
            0
        ],
        "Guanyu": [
            1.6666666666666667,
            1.25
        ],
        "Norris": [
            0.6956521739130435,
            0.8205128205128205
        ],
        "Piastri": [
            0.5263157894736842,
            0.6896551724137931
        ],
        "Hamilton": [
            0.6217616580310881,
            0.7667731629392971
        ],
        "Russell": [
            1.0638297872340425,
            1.0309278350515465
        ],
        "Tsunoda": [
            -0.125,
            -0.2857142857142857
        ],
        "Ricciardo": [
            0.5555555555555556,
            0.7142857142857143
        ],
        "Verstappen": [
            1.5,
            1.2
        ],
        "Perez": [
            1.4903846153846154,
            1.196911196911197
        ],
        "Albon": [
            0,
            0
        ],
        "Sargeant": [
            0.5454545454545454,
            0.7058823529411765
        ]
    },
    "Driver Average Points": {
        "Ocon": [
            7,
            7.0
        ],
        "Gasly": [
            6,
            6.0
        ],
        "Stroll": [
            8,
            8.0
        ],
        "Alonso": [
            7,
            7.0
        ],
        "Leclerc": [
            22,
            22.0
        ],
        "Sainz": [
            36,
            36.0
        ],
        "Magnussen": [
            7,
            7.0
        ],
        "Hulkenberg": [
            -3,
            -3.0
        ],
        "Bottas": [
            0,
            0.0
        ],
        "Guanyu": [
            11,
            11.0
        ],
        "Norris": [
            16,
            16.0
        ],
        "Piastri": [
            10,
            10.0
        ],
        "Hamilton": [
            12,
            12.0
        ],
        "Russell": [
            20,
            20.0
        ],
        "Tsunoda": [
            -1,
            -1.0
        ],
        "Ricciardo": [
            5,
            5.0
        ],
        "Verstappen": [
            45,
            45.0
        ],
        "Perez": [
            31,
            31.0
        ],
        "Albon": [
            0,
            0.0
        ],
        "Sargeant": [
            3,
            3.0
        ]
    },
    "Driver Average Values": {
        "Ocon": [
            7.8,
            7.4
        ],
        "Gasly": [
            7.8,
            6.9
        ],
        "Stroll": [
            10.7,
            9.35
        ],
        "Alonso": [
            15.8,
            11.4
        ],
        "Leclerc": [
            19.1,
            20.55
        ],
        "Sainz": [
            18.5,
            27.25
        ],
        "Magnussen": [
            6.2,
            6.6
        ],
        "Hulkenberg": [
            6.4,
            1.7000000000000002
        ],
        "Bottas": [
            6.4,
            3.2
        ],